run,metric,seeds,n,mean,std,sem,ci95_low,ci95_high,min,max
"inv, 85 epochs",test_acc,"[35076126, 42, 66]",3,0.9901333333333332,0.00015275252316517785,8.819171036880998e-05,0.9897538750299736,0.9905127916366928,0.99,0.9903
"inv, 85 epochs",test_loss,"[35076126, 42, 66]",3,0.029021885172526043,0.0016834663340529062,0.0009719497411371179,0.02483992296564314,0.03320384737940894,0.027884530639648436,0.030955801391601562
"inv, 85 epochs",best_eval_acc,"[35076126, 42, 66]",3,0.9907666666666666,0.00040414518843275764,0.00023333333333334466,0.9897627143630583,0.9917706189702749,0.9903,0.991
"inv, 85 epochs",mean_last3_eval_acc,"[35076126, 42, 66]",3,0.9901777777777777,0.0003849001794597722,0.00022222222222223476,0.9892216327267223,0.9911339228288332,0.9897333333333332,0.9904000000000001
"inv, 85 epochs",t_train,"[35076126, 42, 66]",3,45.46105412667263,0.2892551382855215,0.1670015319536283,44.74250452934001,46.17960372400525,45.20204563500738,45.773190478003016
"1cycle, 12 epochs",test_acc,"[35076126, 42, 66]",3,0.9908333333333333,0.00020816659994659034,0.00012018504251545307,0.9903162188320792,0.9913504478345875,0.9906,0.991
"1cycle, 12 epochs",test_loss,"[35076126, 42, 66]",3,0.026347350056966146,0.00027268910825432353,0.0001574371300557127,0.025669952759568012,0.02702474735436428,0.026065252685546873,0.026609539794921876
"1cycle, 12 epochs",best_eval_acc,"[35076126, 42, 66]",3,0.991,0.00029999999999996696,0.00017320508075686867,0.990254758686475,0.991745241313525,0.9907,0.9913
"1cycle, 12 epochs",mean_last3_eval_acc,"[35076126, 42, 66]",3,0.9907444444444445,0.00025239592647998435,0.00014572085609558397,0.9901174582051835,0.9913714306837056,0.9905666666666667,0.9910333333333333
"1cycle, 12 epochs",t_train,"[35076126, 42, 66]",3,6.1528592879991875,0.06970395667556634,0.04024359815022024,5.979705060563202,6.326013515435173,6.0791697570002725,6.217740303998653
