exp,sched,seed,variant,early,first_half,mid,last_10pct,est_over_lr,spearman_est_lr
lr_estimator,1cycle,42,"weights s1, dense",0.8901054649362394,0.8925209755407325,,,2.5915225476955808,0.8981681498460021
lr_estimator,1cycle,42,"weights s1, /10",0.45898112128927815,2.864940712919791,3.3294117243649906,0.35510744066502997,2.025616340966509,0.9787524410226481
lr_estimator,pc,42,"weights s1, dense",0.2502863566323243,0.2485119095110979,,,2.3851753771305084,
lr_estimator,pc,42,"weights s1, /10",0.4385885382936741,0.20355724591953114,0.022784034931042505,0.002290143005241636,2.1595627069473267,0.9190728176326637
lr_estimator_v2,1cycle,42,"weights s1, dense",0.8884431402223743,0.8884431402223743,,,2.5459030270723932,0.8884437596302003
lr_estimator_v2,1cycle,42,"grads s1, dense",0.7418833772788156,0.7418833772788156,,,2.171163429600387,0.8960438096031316
lr_estimator_v2,1cycle,42,"weights s1, /10",0.46276564561132727,2.862881448403568,3.3315619760586666,0.35594227463897843,2.0247885164596644,0.9787008147965253
lr_estimator_v2,1cycle,42,"weights s10, /10",0.20285139836251392,1.2383631593538185,1.3571711902719859,0.14369276910120607,0.8505451639300792,0.9978224105740885
lr_estimator_v2,1cycle,42,"grads s10, /10",2.940900214832506,15.696001240047567,18.766213050773175,2.3484489400338,11.09038771541339,0.9710321975422648
lr_estimator_v2,const,42,"weights s1, dense",0.2512942511850357,0.2512942511850357,,,2.387135997414589,
lr_estimator_v2,const,42,"grads s1, dense",0.21019263934640692,0.21019263934640692,,,1.9444110989570618,
lr_estimator_v2,const,42,"weights s1, /10",0.4385885302485343,0.20355724864225927,0.2097860837022696,0.2178296017651921,2.0890802145004272,
lr_estimator_v2,const,42,"weights s10, /10",0.1342254435937532,0.08262108901055219,0.08242781223258178,0.08332021296831782,0.8292286098003387,
lr_estimator_v2,const,42,"grads s10, /10",3.6034749379573543,1.1234651271745661,1.1817212491259308,1.191231983525842,11.50233268737793,
lr_estimator_v2,const_m0,42,"weights s1, dense",0.058127308751515436,0.058127308751515436,,,0.5785905197262764,
lr_estimator_v2,const_m0,42,"grads s1, dense",0.05812760321334273,0.05812760321334273,,,0.5785933881998062,
lr_estimator_v2,const_m0,42,"weights s1, /10",0.05693963454719074,0.06046891690475513,0.06442778535121443,0.06592212630507137,0.630657747387886,
lr_estimator_v2,const_m0,42,"weights s10, /10",0.08237286389241515,0.06697000665626614,0.0657839310257658,0.06595194763379597,0.6621312350034714,
lr_estimator_v2,const_m0,42,"grads s10, /10",0.16033381116132797,0.1502507362571402,0.16250088000020033,0.16365258713626057,1.5908505022525787,
lr_estimator_v2,pc,42,"weights s1, dense",0.2512942511850357,0.2512942511850357,,,2.387135997414589,
lr_estimator_v2,pc,42,"grads s1, dense",0.21019263934640692,0.21019263934640692,,,1.9444110989570618,
lr_estimator_v2,pc,42,"weights s1, /10",0.4385885302485343,0.20355724864225927,0.022784034348461588,0.0022901430330622948,2.1595628559589386,0.9190728176326637
lr_estimator_v2,pc,42,"weights s10, /10",0.1342254435937532,0.08263224562826899,0.009309753229282531,0.0010085858906736542,0.9107182919979095,0.9180361209126721
lr_estimator_v2,pc,42,"grads s10, /10",3.6034749379573543,1.1234651271745661,0.1374192710583782,0.01363975993040898,12.635058164596556,0.9180361209126721
