group,seeds,n,status,final_test_acc_mean,final_test_acc_std,final_test_acc_sem,final_test_acc_ci95_low,final_test_acc_ci95_high,n_flags,train_min,s_per_it
c11/modellenet_sched1cycle_lr_hi0.1_wd0.0005_bs512_iters1404,42,1,complete,0.9906,,,,,0,0.10131949595000454,0.004329892989316434
c11/modellenet_schedinv_lr00.01_wd0.0005_bs512_iters9945,42,1,complete,0.99,,,,,0,0.753367427250123,0.004545203180996217
c2/modelresnet_depth56_n_train50000_sched1cycle_lr_hi3.0_wd0.0001_bs512_iters3000,42,1,complete,0.9196,,,,,0,5.116956256916728,0.10233912513833457
c2/modelresnet_depth56_n_train50000_schedpc_lr00.35_wd0.0001_bs512_iters24000,42,1,complete,0.9186,,,,,0,40.638892307500164,0.10159723076875041
c2/modelresnet_depth56_n_train50000_schedpc_lr00.35_wd0.0001_bs512_iters3000,42,1,complete,0.7804,,,,,5,5.043889266733337,0.10087778533466675
lr_estimator/modelresnet_depth56_n_train50000_sched1cycle_lr_hi3.0_wd0.0001_bs512_iters3000,35076126 42 66,3,complete,0.9168666666666666,0.002750151510977749,0.0015878007151752594,0.9100349115852197,0.9236984217481136,0,5.346919254155561,0.10693838508311122
lr_estimator/modelresnet_depth56_n_train50000_schedpc_lr00.1_wd0.0001_bs512_iters3000,35076126 42 66,3,complete,0.8485666666666667,0.00999316433034768,0.0057695561161824,0.8237422702939318,0.8733910630394016,0,5.342143806805519,0.10684287613611039
lr_estimator_v2/modelresnet_depth56_n_train50000_sched1cycle_lr_hi3.0_wd0.0001_bs512_iters3000,42,1,complete,0.9196,,,,,0,5.422582874033287,0.10845165748066575
lr_estimator_v2/modelresnet_depth56_n_train50000_schedconst_lr00.1_wd0.0001_bs512_iters3000,42 66,2,complete,0.83205,0.0028991378028648397,0.0020499999999999963,0.8060022802908419,0.858097719709158,0,5.578945006333288,0.11157890012666576
lr_estimator_v2/modelresnet_depth56_n_train50000_schedconst_m0_lr00.1_wd0.0001_bs512_iters3000,42,1,complete,0.7996,,,,,0,5.456706333583407,0.10913412667166812
lr_estimator_v2/modelresnet_depth56_n_train50000_schedpc_lr00.1_wd0.0001_bs512_iters3000,42,1,complete,0.8442,,,,,0,5.431372277316708,0.10862744554633415
range_test/modellenet_schedrange_lr_hi4.0_wd0.0005_bs512_iters4000,42,1,diverged,0.0892,,,,,1,0.044242112033316516,0.0006636316804997477
range_test/modelresnet_depth56_n_train50000_schedrange_lr_hi3.0_wd0.0001_bs512_iters8000,35076126 42 66,3,complete,0.7140333333333334,0.02953986007640072,0.017054846166933837,0.6406522529177184,0.7874144137489484,0,14.068173595622216,0.10551130196716663
