exp,sched,seed,variant,early_median,early_peak,first_half,second_half,mid_50_90,last_10pct,est_over_lr,spearman_est_lr,final_test_acc
lr_estimator,1cycle,35076126,"weights s1, dense",0.8068126562306204,1.5501958410427088,0.8087262648304538,,,,2.503498226244621,0.9318745224785494,0.9141
lr_estimator,1cycle,35076126,"weights s1, /10",0.4021219267538927,1.0809051673493573,2.9409931612225546,2.822948982227805,3.3771378302352053,0.3659700061301277,2.0577741300187893,0.9748010145675742,0.9141
lr_estimator,1cycle,42,"weights s1, dense",0.8901054649362394,1.487155253302895,0.8925209755407325,,,,2.5915225476955808,0.8981681498460021,0.9196
lr_estimator,1cycle,42,"weights s1, /10",0.45898112128927815,1.076176459848873,2.864940712919791,2.8132554013098696,3.3294117243649906,0.35510744066502997,2.025616340966509,0.9787524410226481,0.9196
lr_estimator,1cycle,66,"weights s1, dense",0.8109581923557205,1.5748063471756395,0.8128068186176027,,,,2.4649828397476417,0.9561266862696685,0.9169
lr_estimator,1cycle,66,"weights s1, /10",0.41408930459908944,1.111179612426369,3.1142925638016505,2.8514739426975817,3.3092692280856832,0.3564006341692283,2.0524360365843872,0.9795555655316379,0.9169
lr_estimator,pc,35076126,"weights s1, dense",0.19183876014844695,0.7341442146165269,0.19182474678880646,,,,1.9743894040584564,,0.86
lr_estimator,pc,35076126,"weights s1, /10",0.2552351732271243,0.3858684354457259,0.20236669021229214,0.021045041922073706,0.022426609750323123,0.002226676920153243,2.1119790151715274,0.9190728176326637,0.86
lr_estimator,pc,42,"weights s1, dense",0.2502863566323243,0.8461980700860712,0.2485119095110979,,,,2.3851753771305084,,0.8442
lr_estimator,pc,42,"weights s1, /10",0.4385885382936741,0.6004827816158534,0.20355724591953114,0.02101692314782602,0.022784034931042505,0.002290143005241636,2.1595627069473267,0.9190728176326637,0.8442
lr_estimator,pc,66,"weights s1, dense",0.26306666770731707,0.875584797942596,0.2630636041474197,,,,2.687826454639435,,0.8415
lr_estimator,pc,66,"weights s1, /10",0.5223502067262985,0.9515202045440674,0.20724298946845737,0.021521509517636806,0.022628544366002076,0.0022734960606440283,2.163378335535526,0.9195792628731173,0.8415
