sched,variant,metric,n,mean,std,sem,ci95_low,ci95_high,min,max
1cycle,"weights s1, dense",early_median,3,0.8359587711741935,0.04693820087585079,0.02709978291094918,0.7193578162567802,0.9525597260916068,0.8068126562306204,0.8901054649362394
1cycle,"weights s1, dense",early_peak,3,1.5373858138404144,0.04520786615142107,0.026100773692011525,1.425083248665908,1.6496883790149208,1.487155253302895,1.5748063471756395
1cycle,"weights s1, dense",first_half,3,0.8380180196629298,0.047245019624990565,0.027276924798357458,0.7206548847201063,0.9553811546057532,0.8087262648304538,0.8925209755407325
1cycle,"weights s1, dense",second_half,0,,,,,,,
1cycle,"weights s1, dense",mid_50_90,0,,,,,,,
1cycle,"weights s1, dense",last_10pct,0,,,,,,,
1cycle,"weights s1, dense",est_over_lr,3,2.5200012045626146,0.06486397799943014,0.037449235158680955,2.3588701506800867,2.6811322584451425,2.4649828397476417,2.5915225476955808
1cycle,"weights s1, dense",spearman_est_lr,3,0.9287231195314067,0.02910749888765452,0.01680522231822407,0.8564160838498533,1.0010301552129601,0.8981681498460021,0.9561266862696685
1cycle,"weights s1, dense",final_test_acc,3,0.9168666666666666,0.002750151510977749,0.0015878007151752594,0.9100349115852197,0.9236984217481136,0.9141,0.9196
1cycle,"weights s1, /10",early_median,3,0.42506411754742013,0.029976272120484506,0.017306808778063204,0.3505989295152345,0.49952930557960573,0.4021219267538927,0.45898112128927815
1cycle,"weights s1, /10",early_peak,3,1.0894204132081997,0.018991767469571357,0.0109649020609438,1.0422422474242443,1.136598578992155,1.076176459848873,1.111179612426369
1cycle,"weights s1, /10",first_half,3,2.9734088126479983,0.12779736784282453,0.07378384472578037,2.655942551727209,3.2908750735687877,2.864940712919791,3.1142925638016505
1cycle,"weights s1, /10",second_half,3,2.8292261087450856,0.019867459939220303,0.011470483344022949,2.7798726022733797,2.8785796152167915,2.8132554013098696,2.8514739426975817
1cycle,"weights s1, /10",mid_50_90,3,3.3386062608952933,0.03485600975352497,0.020124126614073864,3.2520191325854246,3.425193389205162,3.3092692280856832,3.3771378302352053
1cycle,"weights s1, /10",last_10pct,3,0.359159360321462,0.005933528428190688,0.003425724235260191,0.34441965858925083,0.3738990620536732,0.35510744066502997,0.3659700061301277
1cycle,"weights s1, /10",est_over_lr,3,2.0452755025232285,0.017233275521893625,0.009949636261584273,2.002465672902309,2.088085332144148,2.025616340966509,2.0577741300187893
1cycle,"weights s1, /10",spearman_est_lr,3,0.9777030070406201,0.0025450780890664856,0.001469401519831154,0.9713806825802206,0.9840253315010196,0.9748010145675742,0.9795555655316379
1cycle,"weights s1, /10",final_test_acc,3,0.9168666666666666,0.002750151510977749,0.0015878007151752594,0.9100349115852197,0.9236984217481136,0.9141,0.9196
pc,"weights s1, dense",early_median,3,0.23506392816269614,0.03797559018881006,0.021925217218144402,0.14072733244869723,0.32940052387669505,0.19183876014844695,0.26306666770731707
pc,"weights s1, dense",early_peak,3,0.8186423608817314,0.07463811013966176,0.043092332980938654,0.6332310167500229,1.00405370501344,0.7341442146165269,0.875584797942596
pc,"weights s1, dense",first_half,3,0.23446675348244136,0.037638989164723746,0.021730880526278664,0.14096632106618906,0.32796718589869367,0.19182474678880646,0.2630636041474197
pc,"weights s1, dense",second_half,0,,,,,,,
pc,"weights s1, dense",mid_50_90,0,,,,,,,
pc,"weights s1, dense",last_10pct,0,,,,,,,
pc,"weights s1, dense",est_over_lr,3,2.3491304119428,0.35808174474826093,0.20673859172229933,1.4596060459242892,3.238654777961311,1.9743894040584564,2.687826454639435
pc,"weights s1, dense",spearman_est_lr,0,,,,,,,
pc,"weights s1, dense",final_test_acc,3,0.8485666666666667,0.00999316433034768,0.0057695561161824,0.8237422702939318,0.8733910630394016,0.8415,0.86
pc,"weights s1, /10",early_median,3,0.4053913060823657,0.13661680881276977,0.07887575134388027,0.06601633925157946,0.7447662729131519,0.2552351732271243,0.5223502067262985
pc,"weights s1, /10",early_peak,3,0.6459571405352156,0.2855545814032163,0.16486501444147786,-0.06339976389159363,1.3553140449620247,0.3858684354457259,0.9515202045440674
pc,"weights s1, /10",first_half,3,0.20438897520009358,0.0025423225220313882,0.0014678105924616704,0.1980734959476832,0.21070445445250396,0.20236669021229214,0.20724298946845737
pc,"weights s1, /10",second_half,3,0.021194491529178846,0.0002835546507247187,0.00016371035392588663,0.02049010272797138,0.02189888033038631,0.02101692314782602,0.021521509517636806
pc,"weights s1, /10",mid_50_90,3,0.022613063015789234,0.00017921479879290156,0.00010346971232584633,0.02216786877560404,0.023058257255974428,0.022426609750323123,0.022784034931042505
pc,"weights s1, /10",last_10pct,3,0.0022634386620129687,3.290667773461494e-05,1.8998679248216203e-05,0.0021816939428839967,0.0023451833811419407,0.002226676920153243,0.002290143005241636
pc,"weights s1, /10",est_over_lr,3,2.1449733525514603,0.028637553661868213,0.016533899315611965,2.0738337255277397,2.216112979575181,2.1119790151715274,2.163378335535526
pc,"weights s1, /10",spearman_est_lr,3,0.9192416327128149,0.0002923962959057043,0.00016881508015120786,0.9185152800473795,0.9199679853782503,0.9190728176326637,0.9195792628731173
pc,"weights s1, /10",final_test_acc,3,0.8485666666666667,0.00999316433034768,0.0057695561161824,0.8237422702939318,0.8733910630394016,0.8415,0.86
